Built,n,prop
3.3.0,63,0.23076923076923078
3.3.2,210,0.7692307692307693
